"fipscodes","name","totpop","number_disasters","incl_1372","incl_1396","incl_1501","incl_1552","incl_1613","incl_1798","incl_1919","incl_1946","incl_4004","incl_4017","incl_4040","incl_4336","incl_4339","pa_1372","pa_1396","pa_1501","pa_1552","pa_1613","pa_1798","pa_1919","pa_1946","pa_4004","pa_4017","pa_4040","pa_4336","pa_4339","hmgp_1372","hmgp_1396","hmgp_1501","hmgp_1552","hmgp_1613","hmgp_1798","hmgp_1919","hmgp_1946","hmgp_4004","hmgp_4017","hmgp_4040","hmgp_4336","hmgp_4339","pdm_tot","es_1372","es_1396","es_1501","es_1552","es_1613","es_1798","es_1919","es_1946","es_4004","es_4017","es_4040","es_4336","es_4339","as_1372","as_1396","as_1501","as_1552","as_1613","as_1798","as_1919","as_1946","as_4004","as_4017","as_4040","as_4336","as_4339","r_1372","r_1396","r_1501","r_1552","r_1613","r_1798","r_1919","r_1946","r_4004","r_4017","r_4040","r_4336","r_4339","tot_percap_mil","tot_percap_dollar","maria_percap_mil","maria_percap_dollar"
"1","Adjuntas",18760,8,1,0,0,1,1,1,0,1,0,1,0,1,1,0.462,NA,NA,0.217,1.55,0.194,NA,0.727,NA,0.326,NA,0,1.025,1e-06,NA,0.059466,0,0,0,NA,0,NA,0.03,NA,0,0,0.3855,9.37960022366628e-06,NA,NA,6.41619743949725e-06,1.29621043732017e-05,1.92358146098878e-05,NA,2.33144978822186e-05,NA,1.81757235514525e-05,NA,3.47472964552033e-06,0.000138409949608785,2.46269189765458e-05,0,3.16982942430704e-06,1.15671641791045e-05,8.26226012793177e-05,1.03411513859275e-05,0,3.87526652452026e-05,0,1.89765458422175e-05,0,0,5.4637526652452e-05,2.62558300879477,NA,NA,1.80280676961382,6.37416571418253,0.537598827793435,NA,1.66217027023165,NA,1.0440599951082,NA,0,0.394751438078584,0.00021060591684435,210.60591684435,5.4637526652452e-05,54.637526652452
"3","Aguada",40083,3,0,0,0,1,0,0,0,0,0,1,0,0,1,NA,NA,NA,0.84,NA,NA,NA,NA,NA,0.284,NA,NA,12.349,NA,NA,NA,0,NA,NA,NA,NA,NA,0,NA,NA,0,NA,NA,NA,NA,6.41619743949725e-06,NA,NA,NA,NA,NA,1.81757235514525e-05,NA,NA,0.000138409949608785,0,0,0,2.09565152308959e-05,0,0,0,0,0,7.08529800663623e-06,0,0,0.000308085722126587,NA,NA,NA,3.26618926997015,NA,NA,NA,NA,NA,0.389822060540198,NA,NA,2.22589288557211,2.80418132375321e-05,28.0418132375321,0.000308085722126587,308.085722126587
"5","Aguadilla",56893,2,0,0,0,1,0,0,0,0,0,0,0,0,1,NA,NA,NA,0.005,NA,NA,NA,NA,NA,NA,NA,NA,7.522,NA,0.037305,NA,0.0144,NA,NA,NA,NA,NA,NA,NA,NA,0,NA,NA,NA,NA,6.41619743949725e-06,NA,NA,NA,NA,NA,NA,NA,NA,0.000138409949608785,0,6.55704568224562e-07,0,3.40990983073489e-07,0,0,0,0,0,0,0,0,0.000132213101787566,NA,NA,NA,0.0531453382301477,NA,NA,NA,NA,NA,NA,NA,NA,0.955228306644618,9.96695551298051e-07,0.996695551298051,0.000132213101787566,132.213101787566
"7","Aguas Buenas",27323,5,0,1,0,1,0,0,0,0,0,1,0,1,1,NA,0.458,NA,0.317,NA,NA,NA,NA,NA,0.456,NA,0.157,1.369,NA,0,NA,0,NA,NA,NA,NA,NA,0,NA,0,0,NA,NA,5.78057740497768e-06,NA,6.41619743949725e-06,NA,NA,NA,NA,NA,1.81757235514525e-05,NA,3.47472964552033e-06,0.000138409949608785,0,1.67624345789262e-05,0,1.16019470775537e-05,0,0,0,0,0,1.66892361746514e-05,0,5.74607473557076e-06,5.01043077260916e-05,NA,2.8997855066333,NA,1.80822787748608,NA,NA,NA,NA,NA,0.918215779823394,NA,1.65367534218919,0.361999320624791,5.07996925667021e-05,50.799692566702,5.01043077260916e-05,50.1043077260916
"9","Aibonito",24438,6,0,0,1,1,1,0,0,1,0,1,0,0,1,NA,NA,0,0.213,0.114,NA,NA,0.271,NA,0.144,NA,NA,6.302,NA,NA,0,0,0,NA,NA,0,NA,0,NA,NA,0,NA,NA,NA,5.54860475405057e-06,6.41619743949725e-06,1.29621043732017e-05,NA,NA,2.33144978822186e-05,NA,1.81757235514525e-05,NA,NA,0.000138409949608785,0,0,0,8.71593420083476e-06,4.66486619199607e-06,0,0,1.108928717571e-05,0,5.89246255831083e-06,0,0,0.000257877076683853,NA,NA,0,1.35842674466042,0.359884942883223,NA,NA,0.475639116558778,NA,0.32419411208749,NA,NA,1.86313973390455,3.03625501268516e-05,30.3625501268516,0.000257877076683853,257.877076683853
"11","Anasco",28250,6,1,0,0,1,0,0,0,1,1,1,0,0,1,0.057,NA,NA,0.139,NA,NA,NA,0.188,0.444,0.314,NA,NA,7.878,0,NA,NA,0,0.078364,NA,NA,0,0,0.021825,NA,NA,0,NA,9.37960022366628e-06,NA,NA,6.41619743949725e-06,NA,NA,NA,2.33144978822186e-05,1.10517119280744e-05,1.81757235514525e-05,NA,NA,0.000138409949608785,2.01769911504425e-06,0,0,4.92035398230089e-06,2.77394690265487e-06,0,0,6.65486725663717e-06,1.5716814159292e-05,1.1887610619469e-05,0,0,0.000278867256637168,0.215115683710406,NA,NA,0.766864490798218,NA,NA,NA,0.285439012680289,1.42211580084412,0.654037820602692,NA,NA,2.01479198154024,4.39712920353982e-05,43.9712920353982,0.000278867256637168,278.867256637168
"13","Arecibo",91096,4,0,0,0,1,0,0,1,0,0,1,0,0,1,NA,NA,NA,0.045,NA,NA,0.039,NA,NA,NA,NA,NA,3.083,NA,NA,NA,0.562929,NA,NA,0,NA,NA,0.0225,NA,NA,0,NA,NA,NA,NA,6.41619743949725e-06,NA,NA,9.66702209570352e-06,NA,NA,1.81757235514525e-05,NA,NA,0.000138409949608785,0,0,0,6.67349828752086e-06,0,0,4.28119785720559e-07,0,0,2.46992184069553e-07,0,0,3.38434179327303e-05,NA,NA,NA,1.04010176595248,NA,NA,0.0442866253415139,NA,NA,0.013589125262076,NA,NA,0.24451578826803,7.34861025731097e-06,7.34861025731097,3.43295712802046e-05,34.3295712802046
"15","Arroyo",18778,5,0,0,1,1,0,1,0,0,0,1,0,0,1,NA,NA,0,0.195,NA,1.157,NA,NA,NA,0.382,NA,NA,4.34,NA,NA,0,0,NA,0,NA,NA,NA,0.021,NA,NA,0,NA,NA,NA,5.54860475405057e-06,6.41619743949725e-06,NA,1.92358146098878e-05,NA,NA,NA,1.81757235514525e-05,NA,NA,0.000138409949608785,0,0,0,1.03844924912131e-05,0,6.16146554478645e-05,0,0,0,2.14612844818405e-05,0,0,0.000231121525189051,NA,NA,0,1.61848081969666,NA,3.20312171319185,NA,NA,NA,1.18076644492788,NA,NA,1.66983317198161,9.34604324209181e-05,93.4604324209181,0.000231121525189051,231.121525189051
"17","Barceloneta",24699,2,0,0,0,1,0,0,0,0,0,0,0,0,1,NA,NA,NA,0.248,NA,NA,NA,NA,NA,NA,NA,NA,3.072,NA,NA,NA,0,NA,0.021054,NA,NA,NA,NA,NA,NA,0,NA,NA,NA,NA,6.41619743949725e-06,NA,NA,NA,NA,NA,NA,NA,NA,0.000138409949608785,0,0,0,1.00408923438196e-05,0,8.52423175027329e-07,0,0,0,0,0,0,0.000124377505162152,NA,NA,NA,1.56492882871858,NA,NA,NA,NA,NA,NA,NA,NA,0.898616793906111,1.08933155188469e-05,10.8933155188469,0.000124377505162152,124.377505162152
"19","Barranquitas",29548,6,0,1,0,1,0,0,1,0,0,1,0,1,1,NA,0.127,NA,0,NA,NA,0.767,NA,NA,1.557,NA,0,2.653,NA,0,NA,0,NA,0.014625,0,NA,NA,0,NA,0,0,NA,NA,5.78057740497768e-06,NA,6.41619743949725e-06,NA,NA,9.66702209570352e-06,NA,NA,1.81757235514525e-05,NA,3.47472964552033e-06,0.000138409949608785,0,4.29809124136997e-06,0,0,0,4.94957357519968e-07,2.5957763638825e-05,0,0,5.26939217544335e-05,0,0,8.97861107350751e-05,NA,0.743540124152454,NA,0,NA,NA,2.6851871633108,NA,NA,2.89913750092345,NA,0,0.648696939698738,8.34447339921484e-05,83.4447339921484,0.000180661539302518,180.661539302518
"21","Bayamon",192974,5,0,1,0,1,0,0,0,0,0,1,0,1,1,NA,0.418,NA,0.262,NA,NA,NA,NA,NA,0.306,NA,0,23.229,NA,0,NA,0.845035,NA,0.075,NA,NA,NA,0.033995,NA,0,0,2.21023725,NA,5.78057740497768e-06,NA,6.41619743949725e-06,NA,NA,NA,NA,NA,1.81757235514525e-05,NA,3.47472964552033e-06,0.000138409949608785,0,2.16609491434079e-06,0,5.7367054629121e-06,0,3.88653393721434e-07,0,0,0,1.76186947464425e-06,0,0,0.000120373729103403,NA,0.374719472223581,NA,0.894097402239793,NA,NA,NA,NA,NA,0.0969353142754778,NA,0,0.869689855705017,2.15068726875123e-05,21.5068726875123,0.000120373729103403,120.373729103403
"23","Cabo Rojo",50096,5,1,0,1,1,0,1,0,0,0,0,0,0,1,0.121,NA,0,0.015,NA,1.227,NA,NA,NA,NA,NA,NA,8.826,0,NA,0,0.018375,NA,0,NA,NA,NA,NA,NA,NA,0,NA,9.37960022366628e-06,NA,5.54860475405057e-06,6.41619743949725e-06,NA,1.92358146098878e-05,NA,NA,NA,NA,NA,NA,0.000138409949608785,2.41536250399233e-06,0,0,6.66220855956563e-07,0,2.44929734908975e-05,0,0,0,0,0,0,0.000176181731076333,0.257512308242944,NA,0,0.103834219915896,NA,1.27330055875603,NA,NA,NA,NA,NA,NA,1.27289787745975,2.75745568508464e-05,27.5745568508464,0.000176181731076333,176.181731076333
"25","Caguas",136372,4,0,0,0,1,0,0,0,0,1,1,0,0,1,NA,NA,NA,0.922,NA,NA,NA,NA,0.82,1.305,NA,NA,12.12,NA,0.050127,0.456844,0.104486,0.142572,0.036,NA,NA,0,0,NA,NA,0,NA,NA,NA,NA,6.41619743949725e-06,NA,NA,NA,NA,1.10517119280744e-05,1.81757235514525e-05,NA,NA,0.000138409949608785,0,3.6757545537207e-07,3.34998386765612e-06,7.52710233772329e-06,1.04546387821547e-06,2.63983808993048e-07,0,0,6.01296453817499e-06,9.569413075998e-06,0,0,8.88745490276596e-05,NA,NA,NA,1.17314069722784,NA,NA,NA,NA,0.544075395496005,0.526494202495354,NA,NA,0.642110984642819,2.8136486962133e-05,28.136486962133,8.88745490276596e-05,88.8745490276596
"27","Camuy",33481,4,0,0,0,1,0,0,0,0,1,0,0,1,1,NA,NA,NA,0.242,NA,NA,NA,NA,0.137,NA,NA,0.072,2.496,NA,NA,NA,0,NA,0.806158,NA,NA,0,NA,NA,0,0,NA,NA,NA,NA,6.41619743949725e-06,NA,NA,NA,NA,1.10517119280744e-05,NA,NA,3.47472964552033e-06,0.000138409949608785,0,0,0,7.22798004838565e-06,0,2.4078074131597e-05,0,0,4.09187300259849e-06,0,0,2.15047340282548e-06,7.45497446312834e-05,NA,NA,NA,1.12652082741269,NA,NA,NA,NA,0.370247888221191,NA,NA,0.618889416504073,0.538615503018375,3.75484005854066e-05,37.5484005854066,7.45497446312834e-05,74.5497446312834
"29","Canovanas",47174,5,0,0,1,1,0,0,0,0,0,1,0,1,1,NA,NA,0,0.083,NA,NA,NA,NA,NA,2.457,NA,0.07,6.964,NA,NA,0,0,NA,NA,NA,NA,NA,0,NA,0,0,NA,NA,NA,5.54860475405057e-06,6.41619743949725e-06,NA,NA,NA,NA,NA,1.81757235514525e-05,NA,3.47472964552033e-06,0.000138409949608785,0,0,0,1.75944376139399e-06,0,0,0,0,0,5.20837749607835e-05,0,1.48386823250095e-06,0.000147623691016238,NA,NA,0,0.274219080379773,NA,NA,NA,NA,NA,2.86556817467777,NA,0.427045665096269,1.06656849044087,5.53270869546784e-05,55.3270869546784,0.000147623691016238,147.623691016238
"31","Carolina",165040,4,0,0,0,1,0,0,0,0,0,1,0,1,1,NA,NA,NA,0.165,NA,NA,NA,NA,NA,0.762,NA,0,17.135,NA,NA,NA,0,0.094875,NA,NA,NA,NA,0,NA,0,0,NA,NA,NA,NA,6.41619743949725e-06,NA,NA,NA,NA,NA,1.81757235514525e-05,NA,3.47472964552033e-06,0.000138409949608785,0,0,0,9.99757634512845e-07,5.74860639844886e-07,0,0,0,0,4.61706253029569e-06,0,0,0.000103823315559864,NA,NA,NA,0.155817778978943,NA,NA,NA,NA,NA,0.254023589059634,NA,0,0.750114539116015,6.19168080465342e-06,6.19168080465342,0.000103823315559864,103.823315559864
"33","Catano",26137,4,0,0,0,1,0,0,0,0,0,1,0,1,1,NA,NA,NA,0.775,NA,NA,NA,NA,NA,0.033,NA,0.208,9.527,NA,NA,0.015729,0,NA,0.025442,NA,NA,NA,0,NA,0,0,NA,NA,NA,NA,6.41619743949725e-06,NA,NA,NA,NA,NA,1.81757235514525e-05,NA,3.47472964552033e-06,0.000138409949608785,0,0,6.01790565099285e-07,2.96514519646478e-05,0,9.73409343076864e-07,0,0,0,1.26257795462371e-06,0,7.95806710793129e-06,0.000364502429506064,NA,NA,NA,4.62134344278707,NA,NA,NA,NA,NA,0.069465072521023,NA,2.29026943670019,2.6334987516167,4.0447296935379e-05,40.447296935379,0.000364502429506064,364.502429506064
"35","Cayey",46071,5,0,0,1,1,1,0,0,0,0,1,0,0,1,NA,NA,0.203,0.335,0.085,NA,NA,2.247,NA,5.704,NA,NA,10.713,NA,NA,0.01875,0,0.0794,NA,NA,NA,NA,3.067534,NA,NA,0,NA,NA,NA,5.54860475405057e-06,6.41619743949725e-06,1.29621043732017e-05,NA,NA,NA,NA,1.81757235514525e-05,NA,NA,0.000138409949608785,0,0,4.81322306874172e-06,7.27138547025244e-06,3.56840528749105e-06,0,0,4.87725467213648e-05,0,0.000190391656356493,0,0,0.000232532395650192,NA,NA,0.867465476835054,1.13328580344033,0.275295213242419,NA,NA,NA,NA,10.4750523860866,NA,NA,1.68002658990517,0.000254817216904343,254.817216904343,0.000232532395650192,232.532395650192
"37","Ceiba",12538,4,0,0,1,1,0,0,0,0,0,1,0,0,1,NA,NA,0.049,0,NA,NA,NA,NA,NA,0.331,NA,NA,3.023,NA,NA,0,0,NA,NA,NA,NA,NA,0,NA,NA,0,NA,NA,NA,5.54860475405057e-06,6.41619743949725e-06,NA,NA,NA,NA,NA,1.81757235514525e-05,NA,NA,0.000138409949608785,0,0,3.90811931727548e-06,0,0,0,0,0,0,2.63997447758813e-05,0,0,0.000241107034614771,NA,NA,0.704342711457776,0,NA,NA,NA,NA,NA,1.4524728383521,NA,NA,1.74197762007905,3.03078640931568e-05,30.3078640931568,0.000241107034614771,241.107034614771
"39","Ciales",17644,6,0,1,0,1,0,0,0,0,1,1,0,1,1,NA,0.147,NA,0.105,NA,NA,NA,0.272,0.318,0.299,NA,0.061,1.192,NA,0,NA,0,NA,NA,NA,NA,0,0.0255,NA,0,0,NA,NA,5.78057740497768e-06,NA,6.41619743949725e-06,NA,NA,NA,NA,1.10517119280744e-05,1.81757235514525e-05,NA,3.47472964552033e-06,0.000138409949608785,0,8.33144411698028e-06,0,5.95103151212877e-06,0,0,0,1.54160054409431e-05,1.80231240081614e-05,1.83915211970075e-05,0,3.45726592609386e-06,6.75583767853094e-05,NA,1.44128233795573,NA,0.927501307159755,NA,NA,NA,NA,1.63079929385218,1.01187285034041,NA,0.994974078213829,0.488103470713363,6.95703922013149e-05,69.5703922013149,6.75583767853094e-05,67.5583767853094
"41","Cidra",41782,3,0,0,0,1,0,0,0,0,0,1,0,0,1,NA,NA,NA,0.227,NA,NA,NA,NA,NA,1.325,NA,NA,12.741,NA,NA,0.009854,0.003588,NA,NA,0.090623,NA,NA,0,NA,NA,0,NA,NA,NA,NA,6.41619743949725e-06,NA,NA,NA,NA,NA,1.81757235514525e-05,NA,NA,0.000138409949608785,0,0,2.35843186060983e-07,5.51883586233306e-06,0,0,2.16894835096453e-06,0,0,3.17122205734527e-05,0,0,0.000304939926284046,NA,NA,NA,0.860141215162715,NA,NA,NA,NA,NA,1.74475698222855,NA,NA,2.20316478075426,3.96358479728113e-05,39.6358479728113,0.000304939926284046,304.939926284046
"43","Coamo",40090,5,0,0,1,1,0,0,1,0,0,1,0,0,1,NA,NA,0.255,0.018,NA,NA,0.185,NA,NA,0.372,NA,NA,4.151,NA,NA,0,0,0.030614,0.01875,0,NA,NA,0,NA,NA,0,NA,NA,NA,5.54860475405057e-06,6.41619743949725e-06,NA,NA,9.66702209570352e-06,NA,NA,1.81757235514525e-05,NA,NA,0.000138409949608785,0,0,6.36068845098528e-06,4.48989773010726e-07,7.63631828386131e-07,4.67697680219506e-07,4.61461711149913e-06,0,0,9.279121975555e-06,0,0,0.000103542030431529,NA,NA,1.14635818064747,0.0699775493576312,NA,NA,0.477356632250802,NA,NA,0.51052283829512,NA,NA,0.748082278219091,2.19347468196558e-05,21.9347468196558,0.000115449155207054,115.449155207054
"45","Comerío",20153,4,0,0,0,1,0,0,0,0,0,1,0,1,1,NA,NA,NA,0.186,NA,NA,NA,NA,NA,0.224,NA,0.064,2.912,NA,NA,NA,0,NA,NA,NA,NA,NA,0,NA,0,0,NA,NA,NA,NA,6.41619743949725e-06,NA,NA,NA,NA,NA,1.81757235514525e-05,NA,3.47472964552033e-06,0.000138409949608785,0,0,0,9.22939512727634e-06,0,0,0,0,0,1.11149704758597e-05,0,3.17570585024562e-06,0.000144494616186176,NA,NA,NA,1.43845248128766,NA,NA,NA,NA,NA,0.611528363335578,NA,0.913943291772292,1.04396119350227,2.35200714533816e-05,23.5200714533816,0.000144494616186176,144.494616186176
"47","Corozal",35484,5,0,1,0,1,0,0,1,0,0,1,0,0,1,NA,0.125,NA,0.098,NA,NA,0.225,0.058,NA,0.159,NA,NA,3.462,NA,0,NA,0,NA,0.725032,0,NA,NA,0,NA,NA,0,NA,NA,5.78057740497768e-06,NA,6.41619743949725e-06,NA,NA,9.66702209570352e-06,NA,NA,1.81757235514525e-05,NA,NA,0.000138409949608785,0,3.5227144628565e-06,0,2.7618081388795e-06,0,2.04326456994702e-05,6.3408860331417e-06,1.63453951076542e-06,0,4.48089279675347e-06,0,0,9.75650997632736e-05,NA,0.609405292250403,NA,0.430443134726213,NA,NA,0.655929610004707,NA,NA,0.246531742412828,NA,NA,0.704899467408529,3.91734866418668e-05,39.1734866418668,0.000116050321553509,116.050321553509
"49","Culebra",1508,5,0,0,1,1,0,0,0,0,0,1,0,1,1,NA,NA,0.128,0.051,NA,NA,NA,NA,NA,0.039,NA,0.043,0.19,NA,NA,0,0.051223,NA,NA,NA,NA,NA,1.664306,NA,0,0,NA,NA,NA,5.54860475405057e-06,6.41619743949725e-06,NA,NA,NA,NA,NA,1.81757235514525e-05,NA,3.47472964552033e-06,0.000138409949608785,0,0,8.48806366047745e-05,6.77871352785146e-05,0,0,0,0,0,0.00112951326259947,0,2.85145888594164e-05,0.000125994694960212,NA,NA,15.2976541612214,10.5650014541676,NA,NA,NA,NA,NA,62.1440604222441,NA,8.20627552885384,0.910300851321281,0.00131069562334218,1310.69562334218,0.000125994694960212,125.994694960212
"51","Dorado",38013,4,0,0,0,1,0,0,1,0,0,0,0,1,1,NA,NA,NA,0.086,NA,NA,0.226,NA,NA,NA,NA,0,3.296,NA,NA,NA,0,NA,NA,0,NA,NA,NA,NA,0,0,0.045,NA,NA,NA,6.41619743949725e-06,NA,NA,9.66702209570352e-06,NA,NA,NA,NA,3.47472964552033e-06,0.000138409949608785,0,0,0,2.26238392129008e-06,0,0,5.94533449083208e-06,0,0,0,0,0,8.67071791229316e-05,NA,NA,NA,0.35260509711923,NA,NA,0.615011989418589,NA,NA,NA,NA,0,0.626451923203565,9.3915239523321e-06,9.3915239523321,0.000102886170242248,102.886170242248
"53","Fajardo",33912,5,0,0,1,1,0,0,0,0,0,1,0,1,1,NA,NA,0,0.374,NA,NA,NA,NA,NA,0.653,NA,0,3.403,NA,NA,0,0,NA,NA,NA,NA,NA,0.03,NA,0,0,NA,NA,NA,5.54860475405057e-06,6.41619743949725e-06,NA,NA,NA,NA,NA,1.81757235514525e-05,NA,3.47472964552033e-06,0.000138409949608785,0,0,0,1.10285444680349e-05,0,0,0,0,0,2.01403632932295e-05,0,0,0.000100347959424393,NA,NA,0,1.71885989669593,NA,NA,NA,NA,NA,1.10809141854603,NA,0,0.725005389482663,3.11689077612644e-05,31.1689077612644,0.000100347959424393,100.347959424393
"54","Florida",12287,2,0,0,0,1,0,0,0,0,0,0,0,0,1,NA,NA,NA,0.006,NA,NA,NA,NA,NA,NA,NA,NA,1.083,NA,NA,NA,0,NA,NA,NA,NA,NA,NA,NA,NA,0,NA,NA,NA,NA,6.41619743949725e-06,NA,NA,NA,NA,NA,NA,NA,NA,0.000138409949608785,0,0,0,4.88320989663872e-07,0,0,0,0,0,0,0,0,8.8141938634329e-05,NA,NA,NA,0.0761075378787183,NA,NA,NA,NA,NA,NA,NA,NA,0.636817937463759,4.88320989663872e-07,0.488320989663872,8.8141938634329e-05,88.141938634329
"55","Guanica",17788,6,1,0,1,1,0,1,0,1,0,0,0,0,1,0.158,NA,0.181,0.01,NA,0.089,NA,0.204,NA,NA,NA,NA,2.417,0,NA,0.725287,0,NA,0.0375,NA,0,NA,NA,NA,NA,0,NA,9.37960022366628e-06,NA,5.54860475405057e-06,6.41619743949725e-06,NA,1.92358146098878e-05,NA,2.33144978822186e-05,NA,NA,NA,NA,0.000138409949608785,8.88239262424106e-06,0,5.09493478749719e-05,5.62176748369687e-07,0,7.11153586687655e-06,0,1.14684056667416e-05,0,0,0,0,0.000135878120080953,0.946990533970661,NA,9.18237108847555,0.0876183679930114,NA,0.369702869938298,NA,0.49190017836448,NA,NA,NA,NA,0.981707749081715,7.89738587812008e-05,78.9738587812008,0.000135878120080953,135.878120080953
"57","Guayama",43210,6,0,0,1,1,0,1,0,1,0,1,0,0,1,NA,NA,0.359,0,NA,0.497,NA,0.051,NA,0.274,NA,NA,5.329,NA,NA,0,0,NA,0,NA,0,NA,0,NA,NA,0,NA,NA,NA,5.54860475405057e-06,6.41619743949725e-06,NA,1.92358146098878e-05,NA,2.33144978822186e-05,NA,1.81757235514525e-05,NA,NA,0.000138409949608785,0,0,8.30826197639435e-06,0,0,1.15019671372368e-05,0,1.18028234205045e-06,0,6.3411247396436e-06,0,0,0.000123327933348762,NA,NA,1.49736056984942,0,NA,0.597945414348317,NA,0.0506243946583393,NA,0.348878806485635,NA,NA,0.891033727686109,2.73316361953252e-05,27.3316361953252,0.000123327933348762,123.327933348762
"59","Guayanilla",20025,5,1,0,0,1,1,1,0,0,0,0,0,0,1,0.217,NA,NA,0.006,0.053,0.149,NA,NA,NA,NA,NA,NA,5.458,0,NA,NA,0,0,0.01875,NA,NA,NA,NA,NA,NA,0,NA,9.37960022366628e-06,NA,NA,6.41619743949725e-06,1.29621043732017e-05,1.92358146098878e-05,NA,NA,NA,NA,NA,NA,0.000138409949608785,1.083645443196e-05,0,0,2.99625468164794e-07,2.64669163545568e-06,8.37702871410737e-06,0,0,0,0,0,0,0.000272559300873908,1.15532156739665,NA,NA,0.0466982930295037,0.204186878862628,0.435491237776919,NA,NA,NA,NA,NA,NA,1.96921754284498,2.21598002496879e-05,22.1598002496879,0.000272559300873908,272.559300873908
"61","Guaynabo",92444,4,0,0,0,1,0,0,0,0,0,1,0,1,1,NA,NA,NA,0.234,NA,NA,NA,NA,NA,1.002,NA,0.771,5.351,NA,NA,0.173114,0,NA,NA,NA,NA,NA,0,NA,0,0,0.03738318,NA,NA,NA,6.41619743949725e-06,NA,NA,NA,NA,NA,1.81757235514525e-05,NA,3.47472964552033e-06,0.000138409949608785,0,0,1.8726364069058e-06,2.53126216952966e-06,0,0,0,0,0,1.08389944182424e-05,0,8.34018432780927e-06,5.7883691748518e-05,NA,NA,NA,0.394511265184508,NA,NA,NA,NA,NA,0.596344590495062,NA,2.40023978226955,0.418204702133959,2.39874646272338e-05,23.9874646272338,5.7883691748518e-05,57.883691748518
"63","Gurabo",46990,5,0,0,0,1,0,1,0,0,0,1,0,1,1,NA,NA,NA,0.143,NA,0.238,NA,NA,NA,1.229,NA,0.241,5.659,NA,NA,0.02925,0,NA,0.008119,NA,NA,NA,0,NA,0,0,NA,NA,NA,NA,6.41619743949725e-06,NA,1.92358146098878e-05,NA,NA,NA,1.81757235514525e-05,NA,3.47472964552033e-06,0.000138409949608785,0,0,6.22472866567355e-07,3.04320068099596e-06,0,5.23768886997233e-06,0,0,0,2.61545009576506e-05,0,5.12875079804214e-06,0.000120429878697595,NA,NA,NA,0.474299724983901,NA,0.272288383736034,NA,NA,NA,1.43897990545529,NA,1.4760143439229,0.870095531701226,4.01866141732283e-05,40.1866141732283,0.000120429878697595,120.429878697595
"65","Hatillo",41327,4,0,0,0,1,0,0,0,0,1,0,0,1,1,NA,NA,NA,0.486,NA,NA,NA,NA,0.029,NA,NA,0.013,1.767,NA,NA,NA,0,NA,NA,NA,NA,0,NA,NA,0,0,NA,NA,NA,NA,6.41619743949725e-06,NA,NA,NA,NA,1.10517119280744e-05,NA,NA,3.47472964552033e-06,0.000138409949608785,0,0,0,1.17598664311467e-05,0,0,0,0,7.01720424903816e-07,0,0,3.14564328405159e-07,4.27565514070704e-05,NA,NA,NA,1.8328404856675,NA,NA,NA,NA,0.0634942739614171,NA,NA,0.0905291520480448,0.308912412206794,1.27761511844557e-05,12.7761511844557,4.27565514070704e-05,42.7565514070704
"67","Hormigueros",16678,3,1,0,0,1,0,0,0,0,0,0,0,0,1,0.041,NA,NA,0.01,NA,NA,NA,NA,NA,NA,NA,NA,1.383,0.02775,NA,NA,0,NA,0.015,NA,NA,NA,NA,NA,NA,0,NA,9.37960022366628e-06,NA,NA,6.41619743949725e-06,NA,NA,NA,NA,NA,NA,NA,NA,0.000138409949608785,4.12219690610385e-06,0,0,5.99592277251469e-07,0,8.99388415877203e-07,0,0,0,0,0,0,8.29236119438782e-05,0.439485352019894,NA,NA,0.0934497859371439,NA,NA,NA,NA,NA,NA,NA,NA,0.599115975247889,5.62117759923252e-06,5.62117759923252,8.29236119438782e-05,82.9236119438782
"69","Humacao",55621,4,0,0,0,1,0,1,0,0,0,1,0,0,1,NA,NA,NA,0.116,NA,0.358,NA,NA,NA,0.769,NA,NA,11.63,NA,NA,NA,0,NA,0,NA,NA,NA,0.038145,NA,NA,0,NA,NA,NA,NA,6.41619743949725e-06,NA,1.92358146098878e-05,NA,NA,NA,1.81757235514525e-05,NA,NA,0.000138409949608785,0,0,0,2.08554323007497e-06,0,6.43641789971414e-06,0,0,0,1.45115154348178e-05,0,0,0.000209093687635965,NA,NA,NA,0.325043493399478,NA,0.334605943665397,NA,NA,NA,0.798400976650974,NA,NA,1.51068393729618,2.30334765646069e-05,23.0334765646069,0.000209093687635965,209.093687635965
"71","Isabela",43919,2,0,0,0,1,0,0,0,0,0,0,0,0,1,NA,NA,NA,0.057,NA,NA,NA,NA,NA,NA,NA,NA,6.986,NA,NA,NA,0,NA,NA,NA,NA,NA,NA,NA,NA,0,NA,NA,NA,NA,6.41619743949725e-06,NA,NA,NA,NA,NA,NA,NA,NA,0.000138409949608785,0,0,0,1.29784375782691e-06,0,0,0,0,0,0,0,0,0.000159065552494365,NA,NA,NA,0.2022761565655,NA,NA,NA,NA,NA,NA,NA,NA,1.14923495705304,1.29784375782691e-06,1.29784375782691,0.000159065552494365,159.065552494365
"73","Jayuya",15605,7,0,1,0,1,1,0,0,1,0,1,0,1,1,NA,0.101,NA,0.22,0.668,NA,NA,1.697,NA,3.332,NA,0.087,10.077,NA,0,NA,0,0,NA,NA,0,NA,0,NA,0,0,NA,NA,5.78057740497768e-06,NA,6.41619743949725e-06,1.29621043732017e-05,NA,NA,2.33144978822186e-05,NA,1.81757235514525e-05,NA,3.47472964552033e-06,0.000138409949608785,0,6.47228452419096e-06,0,1.40980454982377e-05,4.28067926946492e-05,0,0,0.000108747196411407,0,0.00021352130727331,0,5.57513617430311e-06,0.000645754565844281,NA,1.11966055823725,NA,2.19725867714919,3.30245702874831,NA,NA,4.66435935960454,NA,11.7476097536841,NA,1.60448056195988,4.665521284196,0.000391220762576097,391.220762576097,0.000645754565844281,645.754565844281
"75","Juana Díaz",48658,6,0,0,1,1,1,0,0,0,0,1,1,0,1,NA,NA,0,0.118,0.095,NA,NA,NA,NA,0.096,0,NA,5.511,NA,NA,0,0,0,NA,NA,NA,NA,0,0,NA,0,NA,NA,NA,5.54860475405057e-06,6.41619743949725e-06,1.29621043732017e-05,NA,NA,NA,NA,1.81757235514525e-05,1.03953174245835e-07,NA,0.000138409949608785,0,0,0,2.4250893994821e-06,1.95240248263389e-06,0,0,0,0,1.97295408771425e-06,0,0,0.000113259895597846,NA,NA,0,0.377963649396693,0.150623882235539,NA,NA,NA,NA,0.108548860909396,0,NA,0.818293019526234,6.35044596983024e-06,6.35044596983024,0.000113259895597846,113.259895597846
"77","Juncos",39942,7,0,1,1,1,0,1,0,0,0,1,0,1,1,NA,0.152,0.185,0.071,NA,0.41,NA,NA,NA,1.498,NA,0,1.168,NA,0,0,0,NA,0.826384,NA,NA,NA,0,NA,0,0,NA,NA,5.78057740497768e-06,5.54860475405057e-06,6.41619743949725e-06,NA,1.92358146098878e-05,NA,NA,NA,1.81757235514525e-05,NA,3.47472964552033e-06,0.000138409949608785,0,3.8055180011016e-06,4.63171598818287e-06,1.77757748735667e-06,0,3.09544840018026e-05,0,0,0,3.75043813529618e-05,0,0,2.92424014821491e-05,NA,0.658328352774007,0.834753274650108,0.277045322267382,NA,1.60921097596205,NA,NA,NA,2.06343264667253,NA,0,0.21127383952384,7.86736768314055e-05,78.6736768314055,2.92424014821491e-05,29.2424014821491
"79","Lajas",24323,5,1,0,1,1,0,1,0,0,0,0,0,0,1,0.229,NA,0.097,0.003,NA,0.231,NA,NA,NA,NA,NA,NA,3.856,0,NA,0,0,NA,0,NA,NA,NA,0.01875,NA,NA,0,NA,9.37960022366628e-06,NA,5.54860475405057e-06,6.41619743949725e-06,NA,1.92358146098878e-05,NA,NA,NA,NA,NA,NA,0.000138409949608785,9.41495703654977e-06,0,3.98799490194466e-06,1.23340048513752e-07,0,9.49718373555894e-06,0,0,0,7.70875303210953e-07,0,0,0.000158533075689676,1.00376954369487,NA,0.718738327691005,0.0192232314664271,NA,0.493724020956051,NA,NA,NA,NA,NA,NA,1.14538785786549,2.37943510257781e-05,23.7943510257781,0.000158533075689676,158.533075689676
"81","Lares",28052,5,1,0,0,1,1,0,0,1,0,0,0,0,1,0.158,NA,NA,0,0.057,NA,NA,0.674,NA,NA,NA,NA,2.237,0,NA,NA,3.527464,0,NA,NA,0,NA,0.034486,NA,NA,0,NA,9.37960022366628e-06,NA,NA,6.41619743949725e-06,1.29621043732017e-05,NA,NA,2.33144978822186e-05,NA,NA,NA,NA,0.000138409949608785,5.63239697704264e-06,0,0,0.00012574732639384,2.03194068159133e-06,0,0,2.40268073577642e-05,0,1.22935976044489e-06,0,0,7.97447597319264e-05,0.600494353995085,NA,NA,19.598419091619,0.156760092581281,NA,NA,1.0305522117244,NA,NA,NA,NA,0.576149040999761,0.000158667831170683,158.667831170683,7.97447597319264e-05,79.7447597319264
"83","Las Marías",9093,6,1,0,0,1,0,1,0,1,0,1,0,0,1,0.079,NA,NA,0.14,NA,0.019,NA,0.226,NA,0.144,NA,NA,4.946,0,NA,NA,0,NA,0,NA,0,NA,0,NA,NA,0,NA,9.37960022366628e-06,NA,NA,6.41619743949725e-06,NA,1.92358146098878e-05,NA,2.33144978822186e-05,NA,1.81757235514525e-05,NA,NA,0.000138409949608785,8.68800175959529e-06,0,0,1.53964588144727e-05,0,2.08951941053558e-06,0,2.48542835147916e-05,0,1.58363576377433e-05,0,0,0.000543934894974156,0.92626567789894,NA,NA,2.39962360255533,NA,0.108626510127702,NA,1.0660441258633,NA,0.871291731133188,NA,NA,3.92988290590082,6.68646211371385e-05,66.8646211371385,0.000543934894974156,543.934894974156
"85","Las Piedras",38466,6,0,0,0,1,0,1,0,0,1,1,0,1,1,NA,NA,NA,0.366,NA,1.166,NA,NA,0.316,0.719,NA,0,6.426,NA,NA,NA,0,NA,0.028905,NA,NA,0,0.407453,NA,0,0,NA,NA,NA,NA,6.41619743949725e-06,NA,1.92358146098878e-05,NA,NA,1.10517119280744e-05,1.81757235514525e-05,NA,3.47472964552033e-06,0.000138409949608785,0,0,0,9.51489627203244e-06,0,3.10639265845162e-05,0,0,8.21504705454167e-06,2.92843810118026e-05,0,0,0.000167056621431914,NA,NA,NA,1.48294942008175,NA,1.6149004975619,NA,NA,0.74332801180541,1.61118103105515,NA,0,1.20696974389557,7.80782509228929e-05,78.0782509228929,0.000167056621431914,167.056621431914
"87","Loíza",27857,5,0,0,1,1,0,0,0,0,0,1,0,1,1,NA,NA,0,0.303,NA,NA,NA,NA,NA,0.485,NA,0.161,4.542,NA,NA,0,0,NA,NA,NA,NA,NA,0,NA,0,0,NA,NA,NA,5.54860475405057e-06,6.41619743949725e-06,NA,NA,NA,NA,NA,1.81757235514525e-05,NA,3.47472964552033e-06,0.000138409949608785,0,0,0,1.08769788563018e-05,0,0,0,0,0,1.74103456940805e-05,0,5.77951681803496e-06,0.000163046989984564,NA,NA,0,1.69523755446561,NA,NA,NA,NA,NA,0.957890102410209,NA,1.66329971181672,1.17800050101467,3.40668413684173e-05,34.0668413684173,0.000163046989984564,163.046989984564
"89","Luquillo",19237,5,0,0,1,1,0,0,0,0,0,1,0,1,1,NA,NA,0.126,0.074,NA,NA,NA,NA,NA,0.456,NA,0.296,2.971,NA,NA,0,0,NA,NA,0.022,NA,NA,0,NA,0,0,NA,NA,NA,5.54860475405057e-06,6.41619743949725e-06,NA,NA,NA,NA,NA,1.81757235514525e-05,NA,3.47472964552033e-06,0.000138409949608785,0,0,6.54987783957998e-06,3.84675365181681e-06,0,0,1.14362946405365e-06,0,0,2.37043198003847e-05,0,1.53870146072672e-05,0.000154441960804699,NA,NA,1.1804549305478,0.599537917604704,NA,NA,NA,NA,NA,1.3041747544895,NA,4.42826239074582,1.11582990414511,5.06315953631024e-05,50.6315953631024,0.000154441960804699,154.441960804699
"91","Manatí",41468,2,0,0,0,1,0,0,0,0,0,0,0,0,1,NA,NA,NA,0.043,NA,NA,NA,NA,NA,NA,NA,NA,5.924,NA,NA,0.03375,0,NA,NA,NA,NA,NA,0.03,NA,NA,0,NA,NA,NA,NA,6.41619743949725e-06,NA,NA,NA,NA,NA,NA,NA,NA,0.000138409949608785,0,0,8.13880582617922e-07,1.0369441497058e-06,0,0,0,0,0,7.23449406771486e-07,0,0,0.000142857142857143,NA,NA,NA,0.161613503867962,NA,NA,NA,NA,NA,NA,NA,NA,1.03213058931766,2.57427413909521e-06,2.57427413909521,0.000142857142857143,142.857142857143
"93","Maricao",6274,6,1,0,0,1,1,0,0,1,0,1,0,0,1,0.041,NA,NA,0.274,0.196,NA,NA,0.736,NA,0.091,NA,NA,3.465,0,NA,NA,0,0,NA,NA,0,NA,0,NA,NA,0,NA,9.37960022366628e-06,NA,NA,6.41619743949725e-06,1.29621043732017e-05,NA,NA,2.33144978822186e-05,NA,1.81757235514525e-05,NA,NA,0.000138409949608785,6.53490596110934e-06,0,0,4.36722983742429e-05,3.12400382531081e-05,0,0,0.000117309531399426,0,1.45043034746573e-05,0,0,0.000552279247688875,0.696714764518502,NA,NA,6.80657021328585,2.41010543918276,NA,NA,5.03161303288866,NA,0.798004185836014,NA,NA,3.99017013769524,0.000213261077462544,213.261077462544,0.000552279247688875,552.279247688875
"95","Maunabo",11506,5,0,0,1,1,0,1,0,0,0,1,0,0,1,NA,NA,0.242,0.427,NA,1.581,NA,NA,NA,0.3,NA,NA,10.347,NA,NA,0,0,0.016935,0,NA,NA,0.03,0,NA,NA,0,NA,NA,NA,5.54860475405057e-06,6.41619743949725e-06,NA,1.92358146098878e-05,NA,NA,NA,1.81757235514525e-05,NA,NA,0.000138409949608785,0,0,2.10325047801147e-05,3.71110724839214e-05,1.47184077872414e-06,0.000137406570484964,0,0,2.60733530332001e-06,2.60733530332001e-05,0,0,0.00089926994611507,NA,NA,3.79059343968602,5.78396672388394,NA,7.14326755958302,NA,NA,NA,1.43451527304488,NA,NA,6.49714813607588,0.000225702676864245,225.702676864245,0.00089926994611507,899.26994611507
"97","Mayagüez",81594,3,0,0,0,1,0,0,0,1,0,0,0,0,1,NA,NA,NA,0.094,NA,NA,NA,0.557,NA,NA,NA,NA,12.138,NA,NA,NA,0,0.100902,0.183236,NA,0,0.068513,NA,NA,NA,0,0.045,NA,NA,NA,6.41619743949725e-06,NA,NA,NA,2.33144978822186e-05,NA,NA,NA,NA,0.000138409949608785,0,0,0,1.15204549354119e-06,1.23663504669461e-06,2.24570434100547e-06,0,6.8264823393877e-06,8.39681839350933e-07,0,0,0,0.000148760938304287,NA,NA,NA,0.179552687460856,NA,NA,NA,0.292799886743179,NA,NA,NA,NA,1.07478500443617,1.28520602005049e-05,12.8520602005049,0.000148760938304287,148.760938304287
"99","Moca",38289,3,1,0,0,1,0,0,0,0,0,0,0,0,1,0.03,NA,NA,0.004,NA,NA,NA,NA,NA,NA,NA,NA,2.574,0,NA,0.01709,0,NA,0.024188,NA,NA,NA,0.465563,0.024768,NA,0,NA,9.37960022366628e-06,NA,NA,6.41619743949725e-06,NA,NA,NA,NA,NA,NA,NA,NA,0.000138409949608785,7.83514847606362e-07,0,4.46342291519758e-07,1.04468646347515e-07,0,6.31721904463423e-07,0,0,0,1.2159184099872e-05,6.46869858183813e-07,0,6.72255739246259e-05,0.0835339277711885,NA,NA,0.0162820186461875,NA,NA,NA,NA,NA,NA,NA,NA,0.485698998624296,1.47721016479929e-05,14.7721016479929,6.72255739246259e-05,67.2255739246259
"101","Morovis",32087,6,0,1,0,1,0,0,0,1,1,1,0,0,1,NA,0.046,NA,0.035,NA,NA,NA,0.097,0.3,0.258,NA,NA,3.695,NA,0,NA,0,NA,NA,NA,0,0,0,NA,NA,0,NA,NA,5.78057740497768e-06,NA,6.41619743949725e-06,NA,NA,NA,2.33144978822186e-05,1.10517119280744e-05,1.81757235514525e-05,NA,NA,0.000138409949608785,0,1.43360239349269e-06,0,1.0907844298314e-06,0,0,0,3.02303113410415e-06,9.34958082712625e-06,8.04063951132858e-06,0,0,0.000115155670520772,NA,0.248003320958597,NA,0.170004810499857,NA,NA,NA,0.129663145626213,0.845984847232196,0.442383462125557,NA,NA,0.831989830545123,2.29376382958831e-05,22.9376382958831,0.000115155670520772,115.155670520772
"103","Naguabo",26722,7,0,0,1,1,0,1,0,0,0,1,1,1,1,NA,NA,0.15,0.081,NA,0.382,NA,NA,NA,1.698,0,0,6.825,NA,NA,0,0.029975,NA,0,NA,NA,NA,0,0,0,0,NA,NA,NA,5.54860475405057e-06,6.41619743949725e-06,NA,1.92358146098878e-05,NA,NA,NA,1.81757235514525e-05,1.03953174245835e-07,3.47472964552033e-06,0.000138409949608785,0,0,5.61335229398997e-06,4.15294513883691e-06,0,1.42953371753611e-05,0,0,0,6.35431479679665e-05,0,0,0.000255407529376544,NA,NA,1.011669156988,0.647259561133818,NA,0.743162557202693,NA,NA,NA,3.49604502885875,0,0,1.84529746668106,8.76047825761545e-05,87.6047825761545,0.000255407529376544,255.407529376544
"105","Naranjito",29467,6,0,1,1,1,0,0,1,0,0,1,0,0,1,NA,0.202,0,0.058,NA,NA,0.39,NA,NA,0.437,NA,NA,14.207,NA,0,0,0.395864,NA,NA,0,NA,NA,0,NA,NA,0,NA,NA,5.78057740497768e-06,5.54860475405057e-06,6.41619743949725e-06,NA,NA,9.66702209570352e-06,NA,NA,1.81757235514525e-05,NA,NA,0.000138409949608785,0,6.85512607323447e-06,0,1.54024501985272e-05,0,0,1.3235144398819e-05,0,0,1.48301489802152e-05,0,0,0.000482132555061594,NA,1.18588950427884,0,2.40055739303029,NA,NA,1.36910252896819,NA,NA,0.815931698027505,NA,NA,3.48336630729468,5.03228696507958e-05,50.3228696507958,0.000528594784978728,528.594784978728
"107","Orocovis",22258,9,0,1,0,1,1,0,1,1,1,1,0,1,1,NA,0.572,NA,0.313,0.129,NA,1.005,0.029,0.91,0.926,NA,0.068,2.697,NA,0,NA,0,0,NA,0,0,0,0.03,NA,0,0,NA,NA,5.78057740497768e-06,NA,6.41619743949725e-06,1.29621043732017e-05,NA,9.66702209570352e-06,2.33144978822186e-05,1.10517119280744e-05,1.81757235514525e-05,NA,3.47472964552033e-06,0.000138409949608785,0,2.56986252134064e-05,0,1.40623596010423e-05,5.79566897295354e-06,0,4.51523047892892e-05,1.30290232725312e-06,4.08841764758738e-05,4.2950849132896e-05,0,3.05508131907629e-06,0.00012116991643454,NA,4.4456848188344,NA,2.191696831908,0.447124078474149,NA,4.67075634484761,0.0558837824359415,3.69935234848248,2.36308882071788,NA,0.879228495665826,0.875442240800079,0.000178901967831791,178.901967831791,0.00033101609959779,331.01609959779
"109","Patillas",18135,7,0,0,1,1,0,1,0,1,0,1,0,1,1,NA,NA,0.135,0.153,NA,2.306,NA,0.456,NA,0.604,NA,0.051,2.589,NA,NA,0,0,NA,0,NA,0.166009,NA,0.0295,NA,0,0,NA,NA,NA,5.54860475405057e-06,6.41619743949725e-06,NA,1.92358146098878e-05,NA,2.33144978822186e-05,NA,1.81757235514525e-05,NA,3.47472964552033e-06,0.000138409949608785,0,0,7.44416873449132e-06,8.43672456575682e-06,0,0.000127157430383237,0,3.42988144472015e-05,0,3.49324510614833e-05,0,2.81224152191894e-06,0.000142762613730356,NA,NA,1.34162894357486,1.31491037258634,NA,6.61045206361441,NA,1.47113674163064,NA,1.92192904797409,NA,0.809341102420593,1.03144762449429,0.000215081830714089,215.081830714089,0.000142762613730356,142.762613730356
"111","Penuelas",22231,5,0,0,0,1,1,1,0,0,0,1,0,0,1,NA,NA,NA,0.014,0.162,0.643,NA,NA,NA,0.132,NA,NA,2.092,NA,NA,NA,0,0,0,0.249357,NA,NA,0.073451,NA,NA,0,NA,NA,NA,NA,6.41619743949725e-06,1.29621043732017e-05,1.92358146098878e-05,NA,NA,NA,1.81757235514525e-05,NA,NA,0.000138409949608785,0,0,0,6.29751248256939e-07,7.28712158697315e-06,2.89235751878008e-05,1.12166344294004e-05,0,0,9.24164455040259e-06,0,0,9.4102829382394e-05,NA,NA,NA,0.0981502290406892,0.562186615472623,1.50363141745675,NA,NA,NA,0.508460888736616,NA,NA,0.679884861228368,5.72987270028339e-05,57.2987270028339,9.4102829382394e-05,94.1028293823939
"113","Ponce",152594,6,0,0,0,1,1,1,0,1,0,1,0,0,1,NA,NA,NA,0.075,0.933,0.47,NA,2.512,NA,NA,NA,NA,12.382,NA,NA,NA,0,0,0.958471,NA,0,NA,0,NA,NA,0,0.045,NA,NA,NA,6.41619743949725e-06,1.29621043732017e-05,1.92358146098878e-05,NA,2.33144978822186e-05,NA,1.81757235514525e-05,NA,NA,0.000138409949608785,0,0,0,4.91500321113543e-07,6.11426399465248e-06,9.36125273601845e-06,0,1.64619840884963e-05,0,0,0,0,8.11434263470385e-05,NA,NA,NA,0.0766030543399324,0.471703036683867,0.486657462960082,NA,0.706083578194983,NA,0,NA,NA,0.586254287183763,3.27239013329489e-05,32.7239013329489,8.11434263470385e-05,81.1434263470385
"115","Quebradillas",24904,3,0,0,0,1,0,0,0,0,0,0,0,1,1,NA,NA,NA,0.766,NA,NA,NA,NA,NA,NA,NA,0.042,7.015,NA,NA,NA,0,NA,NA,NA,NA,NA,NA,NA,0,0,NA,NA,NA,NA,6.41619743949725e-06,NA,NA,NA,NA,NA,NA,NA,3.47472964552033e-06,0.000138409949608785,0,0,0,3.07581111468037e-05,0,0,0,0,0,0,0,1.68647606810151e-06,0.00028168165756505,NA,NA,NA,4.79382242158898,NA,NA,NA,NA,NA,NA,NA,0.485354614646276,2.03512578655814,3.24445872149052e-05,32.4445872149052,0.00028168165756505,281.68165756505
"117","Rincon",14700,4,1,0,0,1,0,0,0,0,0,1,0,0,1,0.021,NA,NA,0.227,NA,NA,NA,NA,NA,0.121,NA,NA,3.903,0,NA,NA,0,NA,NA,NA,NA,NA,0,NA,NA,0,NA,9.37960022366628e-06,NA,NA,6.41619743949725e-06,NA,NA,NA,NA,NA,1.81757235514525e-05,NA,NA,0.000138409949608785,1.42857142857143e-06,0,0,1.54421768707483e-05,0,0,0,0,0,8.2312925170068e-06,0,0,0.000265510204081633,0.152306217163383,NA,NA,2.40674901549761,NA,NA,NA,NA,NA,0.452872893544257,NA,NA,1.9182884238604,2.51020408163265e-05,25.1020408163265,0.000265510204081633,265.510204081633
"119","Río Grande",52479,4,0,0,1,1,0,0,0,0,0,1,0,0,1,NA,NA,0.232,0.022,NA,NA,NA,NA,NA,0.341,NA,NA,5.78,NA,NA,0,0.056,NA,NA,NA,NA,NA,0,NA,NA,0,NA,NA,NA,5.54860475405057e-06,6.41619743949725e-06,NA,NA,NA,NA,NA,1.81757235514525e-05,NA,NA,0.000138409949608785,0,0,4.42081594542579e-06,1.48630880923798e-06,0,0,0,0,0,6.49783723013015e-06,0,0,0.000110139293812763,NA,NA,0.796743711506668,0.231649481371702,NA,NA,NA,NA,NA,0.357500883622918,NA,NA,0.79574693960999,1.24049619847939e-05,12.4049619847939,0.000110139293812763,110.139293812763
"121","Sabana Grande",24013,7,1,0,1,1,0,1,0,1,0,1,0,0,1,0.063,NA,0.058,0.012,NA,0.083,NA,0.289,NA,0.058,NA,NA,2.027,0.01875,NA,0,0,0.043467,0.01875,NA,0,NA,0,NA,NA,0,NA,9.37960022366628e-06,NA,5.54860475405057e-06,6.41619743949725e-06,NA,1.92358146098878e-05,NA,2.33144978822186e-05,NA,1.81757235514525e-05,NA,NA,0.000138409949608785,3.40440594677883e-06,0,2.41535834756174e-06,4.99729313288635e-07,1.81014450505976e-06,4.23728813559322e-06,0,1.2035147628368e-05,0,2.41535834756174e-06,0,0,8.44126098363387e-05,0.362958534009685,NA,0.435309137094057,0.0778855884658986,NA,0.220281190140766,NA,0.516208742267054,NA,0.132889254214516,NA,NA,0.609873857153555,2.68174322242119e-05,26.8174322242119,8.44126098363387e-05,84.4126098363387
"123","Salinas",29722,8,0,0,1,1,1,1,0,1,0,1,0,1,1,NA,NA,0.012,0.357,0.67,0,NA,0.171,NA,0.141,NA,0,6.341,NA,NA,0,0,0,0,NA,0,NA,0.01875,NA,0,0,NA,NA,NA,5.54860475405057e-06,6.41619743949725e-06,1.29621043732017e-05,1.92358146098878e-05,NA,2.33144978822186e-05,NA,1.81757235514525e-05,NA,3.47472964552033e-06,0.000138409949608785,0,0,4.03741336383823e-07,1.20113047574187e-05,2.25422246147635e-05,0,0,5.75331404346948e-06,0,5.37480654060965e-06,0,0,0.000213343651167485,NA,NA,0.0727644794106277,1.87202854505049,1.73908679993104,0,NA,0.246769802743957,NA,0.295713484274475,NA,0,1.54138955884675,4.60853912926452e-05,46.0853912926452,0.000213343651167485,213.343651167485
"125","San German",33546,6,1,0,1,1,0,1,0,1,0,0,0,0,1,0.07,NA,0.184,0.019,NA,0.082,NA,0.061,NA,NA,NA,NA,2.736,0,NA,0,0,NA,0.390669,NA,0,NA,NA,NA,NA,0,NA,9.37960022366628e-06,NA,5.54860475405057e-06,6.41619743949725e-06,NA,1.92358146098878e-05,NA,2.33144978822186e-05,NA,NA,NA,NA,0.000138409949608785,2.08668693733977e-06,0,5.48500566386454e-06,5.66386454420795e-07,0,1.40901746855065e-05,0,1.81839861682466e-06,0,0,0,0,8.15596494365945e-05,0.222470775681326,NA,0.988537822929342,0.0882744740575152,NA,0.732496905967461,NA,0.0779943289369104,NA,NA,NA,NA,0.58926146326274,2.40466523579562e-05,24.0466523579562,8.15596494365945e-05,81.5596494365945
"127","San Juan",363744,4,0,0,0,1,0,0,0,0,0,1,0,1,1,NA,NA,NA,0.795,NA,NA,NA,NA,NA,0.484,NA,3.045,44.078,NA,NA,0.074791,0.37544,NA,NA,NA,0.082539,0.220666,2.791699,0.038629,0,0,NA,NA,NA,NA,6.41619743949725e-06,NA,NA,NA,NA,NA,1.81757235514525e-05,NA,3.47472964552033e-06,0.000138409949608785,0,0,2.0561438814111e-07,3.21775754376705e-06,0,0,0,2.26915083135392e-07,6.06651931028416e-07,9.00550662004047e-06,1.06198315298672e-07,8.37127210345738e-06,0.000121178631125187,NA,NA,NA,0.501505381358585,NA,NA,NA,NA,NA,0.495468947607359,NA,2.40918660081936,0.875505203691629,2.17399159848685e-05,21.7399159848685,0.000121178631125187,121.178631125187
"129","San Lorenzo",39283,7,0,1,1,1,0,1,0,0,1,1,0,0,1,NA,0.267,0.258,0.208,NA,1.48,NA,0.954,0.45,1.373,NA,NA,8.967,NA,0,0,0.074527,NA,0,NA,NA,0,0,NA,NA,0,NA,NA,5.78057740497768e-06,5.54860475405057e-06,6.41619743949725e-06,NA,1.92358146098878e-05,NA,NA,1.10517119280744e-05,1.81757235514525e-05,NA,NA,0.000138409949608785,0,6.79683323575083e-06,6.5677264974671e-06,7.19209327189878e-06,0,3.76753302955477e-05,0,2.4285314258076e-05,1.14553369141868e-05,3.49515057403966e-05,0,0,0.000228266680243362,NA,1.17580524566595,1.18367171362721,1.12092767401845,NA,1.95860331676213,NA,NA,1.03652148995009,1.92297740672907,NA,NA,1.64920716240818,0.000128924140213324,128.924140213324,0.000228266680243362,228.266680243362
"131","San Sebastian",39755,3,0,0,0,1,0,0,0,0,1,0,0,0,1,NA,NA,NA,0.12,NA,NA,NA,NA,0.212,NA,NA,NA,2.524,NA,NA,NA,0,NA,NA,0.025428,NA,0,0.197888,NA,NA,0,NA,NA,NA,NA,6.41619743949725e-06,NA,NA,NA,NA,1.10517119280744e-05,NA,NA,NA,0.000138409949608785,0,0,0,3.0184882404729e-06,0,0,6.39617658156207e-07,0,5.33266255816878e-06,4.97768834108917e-06,0,0,6.34888693246133e-05,NA,NA,NA,0.470448153900547,NA,NA,NA,NA,0.48251914209077,NA,NA,NA,0.458701628777876,1.39684567978871e-05,13.9684567978871,6.34888693246133e-05,63.4888693246133
"133","Santa Isabel",22732,6,0,0,1,1,1,1,0,0,0,1,0,0,1,NA,NA,0,0.07,0.121,0.122,NA,NA,NA,0.307,NA,NA,3.675,NA,NA,0,0,0,0.01875,NA,NA,NA,0,NA,NA,0,NA,NA,NA,5.54860475405057e-06,6.41619743949725e-06,1.29621043732017e-05,1.92358146098878e-05,NA,NA,NA,1.81757235514525e-05,NA,NA,0.000138409949608785,0,0,0,3.07935949322541e-06,5.32289283828964e-06,6.19171212387823e-06,0,0,0,1.35051909202886e-05,0,0,0.000161666373394334,NA,NA,0,0.479935276659238,0.410650360854551,0.321884580895031,NA,NA,NA,0.743034569273547,NA,NA,1.1680256647104,2.80991553756819e-05,28.0991553756819,0.000161666373394334,161.666373394334
"135","Toa Alta",74467,2,0,0,0,1,0,0,0,0,0,0,0,0,1,NA,NA,NA,0.127,NA,NA,NA,NA,NA,NA,NA,NA,9.126,NA,NA,NA,0,NA,NA,NA,NA,NA,0.028511,NA,NA,0,NA,NA,NA,NA,6.41619743949725e-06,NA,NA,NA,NA,NA,NA,NA,NA,0.000138409949608785,0,0,0,1.7054534223213e-06,0,0,0,0,0,3.82867578927579e-07,0,0,0.000122550928599245,NA,NA,NA,0.265804386227698,NA,NA,NA,NA,NA,NA,NA,NA,0.885419935095961,2.08832100124888e-06,2.08832100124888,0.000122550928599245,122.550928599245
"137","Toa Baja",83645,4,0,0,1,1,0,0,0,0,0,0,0,1,1,NA,NA,0,1.435,NA,NA,NA,NA,NA,NA,NA,0,4.907,NA,NA,0,0,NA,0.03358,NA,NA,NA,NA,NA,0,0,NA,NA,NA,5.54860475405057e-06,6.41619743949725e-06,NA,NA,NA,NA,NA,NA,NA,3.47472964552033e-06,0.000138409949608785,0,0,0,1.7155837168988e-05,0,4.01458545041545e-07,0,0,0,0,0,0,5.86645944168809e-05,NA,NA,0,2.67383248890986,NA,NA,NA,NA,NA,NA,NA,0,0.423846656853039,1.75572957140295e-05,17.5572957140295,5.86645944168809e-05,58.6645944168809
"139","Trujillo Alto",70737,3,0,0,0,1,0,0,0,0,0,1,0,0,1,NA,NA,NA,0.072,NA,NA,NA,NA,NA,0.209,NA,NA,8.987,NA,NA,0.107114,0.518925,NA,NA,NA,NA,NA,0,NA,NA,0,NA,NA,NA,NA,6.41619743949725e-06,NA,NA,NA,NA,NA,1.81757235514525e-05,NA,NA,0.000138409949608785,0,0,1.51425703662864e-06,8.35383179948259e-06,0,0,0,0,0,2.9546065001343e-06,0,0,0.000127048079505775,NA,NA,NA,1.30199107466013,NA,NA,NA,NA,NA,0.162557847657085,NA,NA,0.91791146420381,1.28226953362455e-05,12.8226953362455,0.000127048079505775,127.048079505775
"141","Utuado",30869,11,0,1,1,1,1,1,1,1,1,1,0,1,1,NA,0.534,0.73,0.369,1.737,0.21,0.842,3.99,0.633,0.798,NA,0,4.025,NA,0,0,0,0,0,0,0,0,0,NA,0,0,0.045,NA,5.78057740497768e-06,5.54860475405057e-06,6.41619743949725e-06,1.29621043732017e-05,1.92358146098878e-05,9.66702209570352e-06,2.33144978822186e-05,1.10517119280744e-05,1.81757235514525e-05,NA,3.47472964552033e-06,0.000138409949608785,0,1.72989082898701e-05,2.3648320321358e-05,1.19537399980563e-05,5.62700443810943e-05,6.80294146230846e-06,2.72765557679225e-05,0.000129255887783861,2.05060092649584e-05,2.58511775567722e-05,0,0,0.000130389711360912,NA,2.99259175648681,4.26203007235186,1.86305675764756,4.34111952511576,0.353660169858965,2.8216089192602,5.54401336185074,1.85545998650829,1.4222915243837,NA,0,0.942054467395289,0.000320321357996696,320.321357996696,0.000221795617585934,221.795617585934
"143","Vega Alta",39018,4,0,1,0,1,0,0,1,0,0,0,0,0,1,NA,0.039,NA,0.214,NA,NA,0.093,NA,NA,NA,NA,NA,3.562,NA,0,NA,0,NA,NA,0,NA,NA,NA,NA,NA,0,NA,NA,5.78057740497768e-06,NA,6.41619743949725e-06,NA,NA,9.66702209570352e-06,NA,NA,NA,NA,NA,0.000138409949608785,0,9.99538674457942e-07,0,5.4846481111282e-06,0,0,2.38351530063048e-06,0,0,0,0,0,9.12911989338254e-05,NA,0.172913292986482,NA,0.854812864293334,NA,NA,0.246561482640018,NA,NA,NA,NA,NA,0.659571072685597,8.86770208621662e-06,8.86770208621662,9.76103716910149e-05,97.6103716910149
"145","Vega Baja",55866,5,0,0,0,1,0,0,1,0,0,1,0,1,1,NA,NA,NA,0.017,NA,NA,0.208,NA,NA,0.086,NA,0.131,5.384,NA,NA,NA,0,NA,NA,0,NA,NA,0,NA,0,0,NA,NA,NA,NA,6.41619743949725e-06,NA,NA,9.66702209570352e-06,NA,NA,1.81757235514525e-05,NA,3.47472964552033e-06,0.000138409949608785,0,0,0,3.04299573980596e-07,0,0,3.7231947875273e-06,0,0,1.53939784484302e-06,0,2.3448967171446e-06,9.63734650771489e-05,NA,NA,NA,0.0474267783761405,NA,NA,0.385143920295999,NA,NA,0.0846952717169819,NA,0.674842924878392,0.69629000913264,7.91178892349551e-06,7.91178892349551,0.000103267531598754,103.267531598754
"147","Vieques",9046,5,0,0,1,1,0,0,0,0,0,1,0,1,1,NA,NA,0.092,0.151,NA,NA,NA,NA,NA,0.486,NA,0.075,0.334,NA,NA,0,0,NA,NA,NA,NA,0.733688,0.04379,NA,0,0,NA,NA,NA,5.54860475405057e-06,6.41619743949725e-06,NA,NA,NA,NA,NA,1.81757235514525e-05,NA,3.47472964552033e-06,0.000138409949608785,0,0,1.0170240990493e-05,1.66924607561353e-05,0,0,0,0,8.11063453460093e-05,5.85662171125359e-05,0,8.29095732920628e-06,3.69223966393986e-05,NA,NA,1.8329366464729,2.60161270184405,NA,NA,NA,NA,NA,3.22222204506712,NA,2.38607263730434,0.266761145017101,0.00017482622153438,174.82622153438,3.69223966393986e-05,36.9223966393986
"149","Villalba",24186,7,0,0,0,1,1,1,0,1,1,1,0,0,1,NA,NA,NA,0.065,0.044,0.506,NA,1.071,0.085,1.975,NA,NA,3.404,NA,NA,NA,0,0,0.01875,NA,0,0,0,NA,NA,0,NA,NA,NA,NA,6.41619743949725e-06,1.29621043732017e-05,1.92358146098878e-05,NA,2.33144978822186e-05,1.10517119280744e-05,1.81757235514525e-05,NA,NA,0.000138409949608785,0,0,0,2.68750516827917e-06,1.81923426775821e-06,2.16964359546845e-05,0,4.42818159265691e-05,3.51442983544199e-06,8.16588108823286e-05,0,0,0.000140742578351112,NA,NA,NA,0.418862604154799,0.140350225193322,1.12791874920295,NA,1.89932531038302,0.317998682766457,4.49274058615415,NA,NA,1.01685304234935,0.000155658232035062,155.658232035062,0.000140742578351112,140.742578351112
"151","Yabucoa",35670,9,0,0,1,1,1,1,0,1,1,1,1,0,1,NA,NA,0.495,0.828,0.173,0.834,NA,0.467,1.089,0.635,0,NA,12.07,NA,NA,0,0,0,0.018072,NA,0,0,0,0.011544,NA,0,NA,NA,NA,5.54860475405057e-06,6.41619743949725e-06,1.29621043732017e-05,1.92358146098878e-05,NA,2.33144978822186e-05,1.10517119280744e-05,1.81757235514525e-05,1.03953174245835e-07,NA,0.000138409949608785,0,0,1.38772077375946e-05,2.32127838519765e-05,4.85001401738155e-06,2.38876366694701e-05,0,1.30922343706196e-05,3.05298570227082e-05,1.78020745724699e-05,3.2363330529857e-07,0,0.000338379590692459,NA,NA,2.50102653779115,3.61784126359355,0.37416872119998,1.24183130030746,NA,0.561549060020919,2.76245501343135,0.979442415157509,3.11326044294926,NA,2.44476348448134,0.000127575441547519,127.575441547519,0.000338379590692459,338.379590692459
"153","Yauco",38519,9,1,0,1,1,1,1,0,1,0,1,0,1,1,1.662,NA,0.528,0.096,0.738,0.397,NA,2.022,NA,1.195,NA,0.171,6.952,0,NA,0,0,0,0,NA,0,NA,0,NA,0,0,NA,9.37960022366628e-06,NA,5.54860475405057e-06,6.41619743949725e-06,1.29621043732017e-05,1.92358146098878e-05,NA,2.33144978822186e-05,NA,1.81757235514525e-05,NA,3.47472964552033e-06,0.000138409949608785,4.31475375788572e-05,0,1.37075209636803e-05,2.49227653885096e-06,1.91593758924167e-05,1.03066019367066e-05,0,5.24935745995483e-05,0,3.10236506659051e-05,0,4.43936758482827e-06,0.000180482359355123,4.60014675998544,NA,2.47044465614055,0.388435138156572,1.47810689844679,0.535802727658264,NA,2.2515421462104,NA,1.70687293840502,NA,1.27761525002429,1.30396954745852,0.000176769905760793,176.769905760793,0.000180482359355123,180.482359355123
